,tokenisasi,Label
0,rt megatop conannkri ccicpolri mohmahfudmd negara demokrasi hukum hrs adilibarat kereta api relnyakereta api,2
1,jokowi harga pd gaji aparat negara gk naikyg enak mah jabat politik gaji segudangmrk gk peduli kena,0
2,xx coba usir bersih air planet gagal tukar air ,0
3,jokowi haturnuhun presiden jokowi kenan kunker kampung,1
4,rifanrobani catatanali erickthohir jokowi titis,1
5,rt delightbee jokowi pertamina kemenbumn ya rakyat mu rindu,2
6,jokowi pertamina kemenbumn ya rakyat mu rindu,2
7,presiden jokowi terang pers kunjung kerja pasar sukamandi kabupaten subang jawa barat ,2
8,rt jokowi dunia alami kurang pangan manamana kondisi sedia pangan indonesia aman bala,2
9,rt jokowi situasi dunia disrupsi bidang pangan energi tekan menteri utama ,2
10,megatop ccicpolri mohmahfudmd jokowi iya bener bang bebas rambu rambu yg hukum yg runtuh,2
11,jokowi waduk sdh benah tengah ramai nyinyir skrg pem tingkat tahan pangan jd hrs klu,2
12,luckman lukmanrudianto bliliang dennysiregar jokowi ganjar junjung bong cebong seka,2
13,rt yaniarsim  untung jokowi ga denger,0
14,rt yudiset presiden jokowi hati hati yg suka makan roti makan mie harga perang ukraina jadi ,0
15,katzedikke erickthohir jokowi cie kata cakep gloriahermawan,1
16,rt desamakmur media massa corong informasi desa tersebarluaskan media massa jokowi halimiskandarnu ,1
17,rt uyokback tuh dab jokowi dengar omong hasto pdiperjuangan,1
18,rt infosebelah sultan mah bebas bukti salah nga tahan tekan publik kencang paksa tahan tp borgol ,2
19,rt nichosilalahi ayo rakyat indonesia hancur oligarki jahanam berpangk,1
20,rt valosenadya erickthohir jokowi rick you ceo korporasi seblm masuk politik you tau persis tumbuh ekonomi tak,0
21,presiden jokowi respons awak media kait ganti wakil ketua kpk lili pintauli siregar presiden,1
22,erickthohir jokowi omong kosong orang miskin amp bodoh makan dg tipu daya ,1
23,conannkri ccicpolri mohmahfudmd negara demokrasi hukum hrs adilibarat kereta api relnyake,0
24,erickananta richardws jokowi lombok mahal daya beli masyarakat turun akhir,2
25,rt gratisterbaik jokowi musuh perintah rakyat per patuh hukum wakil penting ,1
26,sapporojack heryidris divhumaspolri ccicpolri jokowi listyosigitp kepolisianri kspgoid hub ,1
27,katzedikke erickthohir jokowi nih ketemu lawan sejati wkwkw,2
28,rt rawa ditegor harisson ford ditegor jokowi nurut ditegor panggil tuhan kalo bahasa be,1
29,kerja pakde jokowi semangat,1
30,rezimbiadab catatanali erickthohir jokowi pola nya,0
31,gas pol pakde jokowi,2
32,rt erickthohir pasar sukamandi presiden jokowi bantu perintah pacu tumbuh ekonomi pascapand,2
33,jokowi lahan tani hilang harga pupuk harga gabah cenderung stagnan tani padi,0
34,machbeach lukmanrudianto bliliang dennysiregar jokowi persis junjunganye kadron ga selangkanga,2
35,nih instruksi presiden jokowi,2
36,rt ipehtetapnganu halooow jokowi becandanya lewat eneh ,0
37,erickthohir jokowi yg awam jg tau kale klo pacu tumbuh bikin bijak yg pro rakyat klo duit mah nama nyogok,0
38,jokowi gas pol tahan pangan,1
39,jokowi gas pol tahan pangan,1
40,rt mudasirromini jokowi moga presiden jokowi sukses amp sehat amin,0
41,jokowi fix bahasa halusynya jokowi sembako wes apal klakuane,1
42,jokowi gas pol tahan pangan,2
43,jokowi pupuk hancurn ngomong sedia pangan harga jual anjlok solusi gmn pakatau solusi dr rakyat,2
44,erickthohir jokowi et dah trus tuh dagang lngsng jd sultan hidup senang maut jemput,2
45,kuat ekonomi indonesia yasonna ikut diskusi meja bundar swiss website,1
46,sahabatsaber jokowi laku zulhas malu kabinet,2
47,rt circleflfe presiden jokowi gas pol tegak hukum pinginnya sih gitu tuju adil restoratif ,2
48,rt circleflfe perintah jokowi gas pol tahan energi jaga tahan energi nasional pertamina dongkrak produksi mig,0
49,rt circleflfe presiden jokowi tinjau langsung balai teliti tanam padi bbpadi kabupaten subang jawa barat ini,0
50,rt circleflfe terang pers presiden jokowi kunjung pasar sukamandi kabupaten subang jawa barat presiden bagi ba,2
51,rt circleflfe kunjung kerja presiden jokowi kabupaten subang jawa barat kunjung kerja daerah pres,0
52,erickthohir jokowi memang negara batas pasar sukomandi,1
53,triobenga jokotol eksunartoclp sigamubit jokowi yg stop impor besar yg maksud,2
54,detikcom heran seh knp kmrn jokowi milih menteri,1
55,rt ndrairawan idm tingkat ipm tingkat semangat bangun indonesia desa jokowi halimiskandarnu imansyukri malikha,2
56,gusarifin jokowi tae quda,2
57,penjagajokowi jokowi tau sih alsannyaku liat prabowo damping jokowi adeem gitu moga,0
58,jaenoxtm erickthohir jokowi jabat maling yg nyata,1
59,narasinewsroom slogan presisi nya kapolri listyosigitp cerita kes paksa ba,1
60,rt tjhoois indonesia hebat  tdk dlm negara yg ancam bangkrut bawah perintah jokowi elemen masyaraka,2
61,rt imbangimedia hutang rp triliun aja chaos amp jabat lari sih tenang aja hutang gt ,0
62,aqylahnadya komnasham komisiyudisial najwashihab matanajwa mahkamahagung mohmahfudmd ylbhi awkarin,2
63,presiden jokowi kunjung kerja kabupaten subang jawa barat syukur ped,2
64,andisharif pa jokowi donk kartu,0
65,keren si ompung jokowi tanya batas mindahinnya kalo mrka nolak trus lu,2
66,nichosilalahi jokowi gas keun,2
67,jokowi aparat hukum mohon tertib,0
68,rt jokowi temu bicara presiden rusia vladimir putin kamis sore istana kremlin sampai,2
69,rt puspaswarna romeowalker kpkri jokowi negara udh pny polisi utk urus korupsiyudikatif dg polrinya eksekutif,1
70,rt jokowi meja bundar presiden zelenskyy bincang istana maryinsky kyiv jalan kota ukrain,2
71,rt romeowalker puspaswarna kpkri ber andai mpus presiden jokowi sudi dg serius fungsi kpkri sesuai dg,1
72,negatif,0
73,erickthohir jokowi pacu ekonomi bantu gelintir orang citra,1
74,rt abdulhaadi mimpimuhammadqasim terus nyata orangorang lalai sesal di,1
75,jokowi minyak mahal cabe mahal blusukan ga ad hasil gaikhlasbayarpajak,2
76,gratisterbaik jokowi warga negara sama duduk hukum perintah wajib menjunj,1
77,jokowi lawan pandemi,1
78,rt blookier gimana jokowi nakes laku kaya gin kalo ga bayar hak henti kerja nura,1
79,dana desa tahan pangan capai mantap jokowi,1
80,tjitrosoenarjo divhumaspolri listyosigitp internal polri labu bagamana kas,0
81,romeowalker kpkri jokowi negara udh pny polisi utk urus korupsiyudikatif dg polrinya eks,0
82,jokowi gas pol tahan pangan,1
83,rt htklnl jokowi selesai kisruh henti berfihak rakyat angkat topi anda,0
84,jokowi maju kena mundur kena,0
85,larosa lazadaidcare lazadaid cnnindonesia detikcom blt jokowi gantanda bang,0
86,hutang rp triliun aja chaos amp jabat lari sih tenang aja hutang gt,2
87,jokowi muhun les kade nincak cangkang cau ahhh,0
88,rt odhe kembali partai jokowi kspgoid,1
89,johnsonpurbash nyaiibubu cnnindonesia hariankompas tmcpoldametro metrotv divhumaspolri jokowi,2
90,rt erickthohir jalan pagi presiden jokowi pramonoanung syahrulyl sambut hangat wakil gubernur jawa ,0
91,erickthohir jokowi gak salah tuh followers like  tutup akun aja mas,2
92,erickthohir jokowi bantu comot emang pacu tumbuh ekonomi cuy,2
93,erickthohir jokowi ketawa takut dosa,2
94,erickthohir jokowi haduh ga malu dukacangin ama nitizen,2
95,tjitrosoenarjo jokowi ruwet laah hormat institusi,0
96,rt theplu indonesian president jokowi inaugurated garuda vishnu statue world tallest hindu sculpture in bal in presence of co,2
97,mihrab helineningrat jokowi ok mana,2
98,rt theplu thousands attended the ceremony where traditional dancers performed amp fireworks lit up the night sky in celebration of indone,0
99,rt nichosilalahi brengsek nih tri lo gaji biaya rakyat stabilitas harga butuh kampanye menang,2
100,rafifauliyan erickthohir jokowi lbih cerdas ide,1
101,rt iamjackthe erickthohir jokowi amplop kuasa tp ga paham macromana impact tumbuh ekonomi  ekon,1
102,genbewise erickthohir jokowi kaya gin serakah yutuber aja hhhhhpriseden tugas luas,1
103,rt nyaiibubu adil bu guru hina rizieq nonaktif halo menteri nadiemmakarim kemdikbudri divhumaspolri le,0
104,puspaswarna kpkri ber andai mpus presiden jokowi sudi dg serius fungsi kpkri sesu,1
105,erickthohir jokowi gw karang pikir gw bentuk citra pimpin janji ia,0
106,hai bagi wisata aplikasi desawisatanusantara sdgsdesa jokowi halimiskandarnu imansyukri,2
107,fredmansel iqbaal detikcom jokowi yg goblok yg suruh pindah,2
108,erickthohir jokowi jaga harga komoditas harga sembako harga bbm stabil jangkau,1
109,aripras jokowi wakapolri turun langsung olah tkp trus gada polisi yg komen lucu yg sudah,1
110,rt ngurahwidyaarta menteri desa pdtt harap bumdesa ujung tonggak ubah ekonomi sumber jokowi hal,0
111,partaisocmed ccicpolri divhumaspolri jokowi ayo itulo makar masak dibiarin polri,0
112,jokowi halah pakk,0
113,aripras jokowi ruwet pras yg meriksa propam propam sidik bos propam ber,2
114,erickthohir jokowi sekolah jk teori tumbuh ekonomi bs meberikan ,1
115,rt jokowi air kunci tahan mandiri daulat pangan bangun bendung tanah ,2
116,rt gankofpetojo eh mas jokowi rajapaksa rajapaksa kejar krn gak bobon kaos catat jgn se,0
117,jumjumareka erickthohir jokowi sukamandi tu nama daerah ya,0
118,kohen erickthohir jokowi indonesia goblok kek pasu cebong,2
119,rt veelaarhie ga tanggap ccicpolri tetep gue laporin akun kadrun anjenk bobbyandhika yg posting edit wajah pa jokowi ,2
120,rt ferdinandhutah sy advokasi anak korban predator sex nama ss diri jawa timur yg hukum penjara,2
121,jokowi lombok bawang merah mundak kabeh bos harga makan lek mundak yo repot tulong bos,0
122,uyaboira jokowi menteri yg tolong kondisi laku sedih,2
123,genbewise erickthohir jokowi lha yaitulahsekelas memteri wawas nasional wawas sukamandi,2
124,rt sastro antros teukufachrians jokowi nggk gerak model kyak gitu nikmat kenyang,0
125,erickthohir jokowi pasar tradisional pelosok indonesia diblusukin cuman pasar sukamandi aja,0
126,erickthohir jokowi pramonoanung syahrulyl,0
127,rt slametp antros jokowi,0
128,rt slametp antros jokowi,0
129,rt slametp antros jokowi,1
130,erickthohir jokowi model tambal sulam kuat liat tuh jln yg baik dgn cr,2
131,rt muhamma antros jokowi indonesia spt srilangka krn bijak perintah pusat yg rakyat sem,2
132,rt dampakindra antros msaiddidu jokowi,2
133,rt antros srilanka jokowi nanya gak larang,1
134,erickthohir jokowi kasih bantu sengsara umur hidup ,0
135,terang lepas serah presiden makna iduladha momen tebar baik dan,2
136,tunai ibadah salat iduladha jemaah presiden joko widodo simbolis serah bantu kemasyara,2
137,rt raishussin indonesia is working hard on the food security front listen to president jokowi on the self sufficiency level for rice ,2
138,erickthohir jokowi kualitas tri indonesia,2
139,kemetrian bumn erickthohir jokowi mohon perhati peduli bantu untk selesai putus,2
140,idm indikator hadir nya dana desa kontribusi nyata maju desa kabupaten pandeglang,2
141,luckman lukmanrudianto bliliang dennysiregar jokowi teriak babi cebong kaum savebabi,2
142,emakdasteran erickthohir jokowi bantu gak sengsara umur hidup ,2
143,presiden jokowi iriana rantis stadion taruna akademi polisi pre,2
144,aryprasetyo wahyu beda bro ari panglima nya sibuncit dkk kadrun serasa bebas mer,2
145,detikcom hukum bechi berat minimal thn penjara pesantren tutup pesantren amp keluarga bechi menang,2
146,jokowi prabowo erickthohir depkesri pbidi whoindonesia blogdokter dokterprima cvspharmacy cdcgov,2
147,katzedikke erickthohir jokowi krisis pangan dunia indonesia ekspor beras negeri,2
148,hai bagi wisata aplikasi desawisatanusantara sdgsdesa klik jokowi,1
149,rt jokowi subang jawa barat unjung pasar sukamandi temu dagang bagi bantu ,2
150,rt gusarifin yth jokowi nyuwun sewu pakmohon sanget menteri ganti nggih,2
151,erickthohir jokowi konsep ngasih ikan ngasih alat pancing bro,0
152,ritzkyraditya ahmadmuhammd kai paksa ngutang ama jokowi regime,0
153,santanha jokowi,0
154,rt veritasardentur jokowi oposisi gak kredibel kasi hati,0
155,idextratime listyosigitp jokowi,1
156,devanavedraza yusufdumdum jokowi jaga bersih buang sampah tempat ya njing ,0
157,erickthohir jokowi,2
158,jokowi milih menteri asal hasil ya asal,0
159,lanyallaacademy lanyallamm jokkowi maaf lupa tiati jokowi,0
160,juang jokowi amiiin,0
161,rt dikiadam erickthohir jokowi,2
162,rt cakhariy jokowi mendag zulhasan yg hasil turun harga minyak goreng rp dpt liter gratis he,2
163,erickthohir jokowi tri lucu ngomongin tumbuh ekonomi yg butuh bijak yg pihak pad,1
164,rt mahasiswigenz hormat presiden jokowi utang budi sih pan zulkifli skali ,2
165,maya dennisauya jokowi zulhas jual minyak goreng kampanye anak dpr ri,1
166,mrsrachelin agama yg cabut izin nya gpp jokowi,2
167,rt jumiantork ayo bang zulhasan fokus kerja jalan tugas presiden jokowi turun harga migor cari solusi yg ,0
168,akunrecehpeduli jokowi presiden konyol,2
169,erickthohir jokowi situ waras menteri,2
170,apriliciaarifah yusrilihzamhd jokowi mohmahfudmd dprri bawasluri sistim perintah pusat pus,1
171,gw mah gak ngerti ama lo dro dro hendropriyono ama anak si diaz hendropriyono tau gw gak megang cash ,1
172,baichunlian menluri jokowi,1
173,presiden joko widodo serta iriana joko widodo tunai salat iduladha hijriah masjid istiqlal jaka,2
174,arybandung jokowi tuju bang,2
175,perintah bangun palapa ring integrasi program public privat patnership respect kemkominfo,2
176,rt kemhanri menteri tahan prabowo subianto prabowo tunai ibadah salat iduladha damping presiden joko widod,2
177,detikcom baik kadiv divpropampolri undur peristiwa trjadi rumah pas,1
178,santanha jokowi daulat data buka informasi desak,1
179,desa wisata nusantara jokowi halimiskandarnu kemendespdtt malikharamain imansyukri,1
180,rt cybsquad janda indonesia amp tagih janji jokowi,1
181,rt mihel pretttttsisi kerja listyosigitp jokowi tolong ganti kapolri,1
182,menteri yg niat kontestasi sdh dr kmrn sdh kampanye tdk direshu,1
183,blookier jokowi mentionnya mata najwa jg kak klo mata najwa cepet,1
184,infosebelah jokowi divpropampolri divhumaspolri kejaksaanri aryprasetyo kesittt cerah kasu,1
185,idm tingkat ipm tingkat semangat bangun indonesia desa jokowi halimiskandarnu imansyukri,1
186,negatif,0
187,akherat jokowi azab yg pedih jabat kabinet jokowi terima azab yg dahsyat ,2
188,positif,2
189,anaktermudaa erickthohir jokowi,1
190,jokowi ,1
191,delzitaz erickthohir jokowi hooh,1
192,salah jokowi yg pilih zulhasan,1
193,rt aryprasetyo ayangutriza purwawicak khofifahip untagsurabaya kejaksaanri hukum berat julianto ekaputra traum,2
194,rt widwira nkri setia ideologi pancasila bhinneka tunggal ika uud ormas kuasa nkri ,1
195,apriliciaarifah yusrilihzamhd jokowi mohmahfudmd dprri bawasluri data bilang bangun waduk,1
196,jabat mendag hrs nya bebas parpol dagang mata cahari negeri menteri professional yg sudah,2
197,yth jokowi tolong baca thread janji kampenye mu loh masuk ,1
198,erickthohir jokowi bantu yg rata,2
199,jokowi maaf presiden yg mulia yg turun hargaharga butuh pokok,2
200,erickthohir jokowi wkwkwkwkwklawak,1
201,tjitrosoenarjo jokowi berani transparan hebat,2
202,jumiantork zulhasan jokowi kagak peduli urus keluarga duluyang nomer sekian,1
203,rt papaloren erickthohir jokowi klo cm dg kunjung amp bantu satu pasar bs tingkat tumbuh ekonomi sptnya pre,1
204,erickthohir jokowi kayak menteri bagi migor kampanye anak,2
205,gusarifin jokowi,1
206,momen presiden jokowi anugerah tanda hormat bintang bhayangkara nararya wakil terima tand,2
207,rt sirsazly amer jokowi kat malaysia tolak  merc vellfire samun main innova ni ,0
208,rt lisatjandra psantoda divankri listyosigitp kapolri kecut gantikapolri jokowi,1
209,herusanto jokowi george hamilton alexander the great ehke cleopatra  ,1
210,jokowi jllintas perdagangansiantar kab simalungun sumatra utara batas dg kota limapuluh kab batubara suma,1
211,jokowi jokbisa kerja,2
212,loveofspeechz erickthohir jokowi lanjut kpkri,1
213,jokowi pupuk susah dr musim musim saprodi yg harga hsl hrga gabah stagnan cenderung turun,1
214,ruhutsitompul jokowi indonesia sesuai dgn konstitusi yg bebas aktif dlm gaul duniapresiden jokowi usaha,1
215,hyangwisnu kemkominfo platejohnny jokowi aryprasetyo farrel dnbil delardian firzahusainid,1
216,rt hyangwisnu hadir fekdi menkominfo cepat bangun infrastruktur digital cepat bangun infrastruktur ti,1
217,rt maya mohon maaf jokowi sibuk kampanye anak,1
218,paul waterpauw the people of west papua thank president jokowi for his care the meat of cattle slaughtered dur,1
219,tjitrosoenarjo salah jokowi pilih listyosigitp kapolri jd ya terima kerja polisi yg rada jengkel,1
220,valosenadya erickthohir jokowi heran kelas menteri gak malu ngomong sial bener,1
221,komnasham kompolnasri kspgoid jokowi,1
222,hyangwisnu kemkominfo platejohnny jokowi menkominfo johnny plate target pusat data digital bas in,1
223,rt amer knp respek jokowi je amek hadiah tu tpi pilih utk tolak tatkala rakyat byk yg dihimpit susah beliau,2
224,hendrikk ganti kapolri dehjokowi klo ganti kapolri kerepot,2
225,rt hyangwisnu kominfo target pdn menkominfo johnny plate target pusat data digital bas internet cloud,1
226,negatif,0
227,democrazymedia presiden jokowi denda nama program perintah,0
228,presiden jokowi kena setel jas warna biru iriana kena kebaya warna putih te,1
229,mbroo mental orba pecatt ae dhe jokowi,0
230,rt penjagajokowi tempuh jalan jam kota gunungsitoli presiden joko widodo darat pangkal udara so,1
231,simbokesarah jokowi ikulah hebat pakde cerdas rakyatagar nilai,2
232,katzedikke erickthohir jokowi percaya masyarakat turun blusukan koentji,2
233,hyangwisnu kemkominfo platejohnny jokowi menkeu dukung anggar tsb butuh banyak,2
234,yaniarsim jokowi bubar sampi niru srilangka,2
235,rt hyangwisnu anggar kominfo menkeu luas infrastruktur digital dukung anggar menkeu butuh karen,2
236,jokowi salah langkah pilih menteri partai dpppan yg jabat seb,2
237,katzedikke hirahito erickthohir jokowi screenshoter all,2
238,erickthohir jokowi kalo ken bantu pacu tumbuh ekonomi pasca pandemi ya atur bijak ,2
239,tinjau bbpadi jokowi gudang plasma nutfah simpan koleksi kons,2
240,ruhutsitompul jokowi jujur terang org yg survei lembaga surveiutk,2
241,erickthohir jokowi hahahah lamalama ken  ngidam pulak bang,2
242,hyangwisnu kemkominfo platejohnny jokowi usaha rintis digital alias startup rupa,1
243,wagimandeep apa alasannyaapapun prestasi listyosigitp lupa jokowi yg naik jad,0
244,rt hyangwisnu startup lulus ssi batch kominfo usaha rintis digital alias startup ,1
245,jokowi dunia alami kurang pangan manamana semua,1
246,hirahito erickthohir jokowi presiden kerja yg receh,2
247,erickthohir jokowi amatir,0
248,hotlanbela karedokleunca cakmugik listyosigitp mohmahfudmd ccicpolri jokowi gk harga wibawa,0
249,saya balai padi menteri tani sedia pangan utama beras kar,1
250,presiden jokowi tinjau langsung balai teliti tanam padi bbpadi kabupaten subang jawa barat,1
251,president jokowi west papua administration donate cows for idul adha westpapua,1
252,mncrgknskl jokowi hahhaahahahahhahahahahaha lawaakk bgtt,1
253,katzedikke erickthohir jokowi kalo ken bantu pacu tumbuh ekonomi pasca pandemi ya atur bijak,1
254,jokowi pasti sedia pangan jokowi,1
255,afisanusi marquez jokowi dukun aja manfaat,0
256,erickthohir jokowi kasihan bener indonesian kualitas yg jabat,1
257,rt krtkpdpro hallo jokowi dengar keluh rakyat riau,1
258,hyangwisnu platejohnny kemkominfo jokowi farrel dnbil aryprasetyo yudiluhur nakula,1
259,hadir bendung jg manfaat bangkit listrik tenaga mikrohidro pltm mw ,1
260,rt hyangwisnu bangun infrastruktur digital rakyat menkominfo apresiasi dukung menkominfo platejohnny ,1
261,marquez jokowi orang tolol yg nggak sembuh hasil makan taik yg suguh dgn merk coklat,1
262,jokowi bodo maat,1
263,rt selenalauraaa masyarakat nusa tenggara timur terima kasih presiden jokowi pt pelni yg sdh sedia kapal tol laut ,1
264,sejaktergusur tatakujiyati jokowi mdyasmara ekowboy hahahaha pea lo,1
265,jokowi emang intruksi jalan ama mentripaling lepehin,1
266,ruhutsitompul ms kabanbilang indonesia martabat pimpin yg sdh jlsotak hatin,1
267,lapor jokowi,1
268,jokowi mkn urus benih swasembada kpn nyampe son veak,0
269,sambut iduladha presiden joko widodo salur bantu masyarakat hewan kurban sapi kepada,2
270,rt carolin jokowi gaspol maju desa menteri desa bangun daerah tinggal transmigrasi abdul halim iskandar ,1
271,bangun bendung beringin sila tuju optimal penuh butuh irigasi air baku khusus,1
272,rt caexpoonline indonesian president jokowi and visiting chinese scamp fm wang yi agreed on monday to foster new growth points and deepe,1
273,odhe jokowi kspgoid emang sulit banget yaa cari orang yg bener kompeten utk ngurusin dagang indonesi,1
274,sheptianoctav jokowi udah mertua nanyain benih,0
275,rt renahoston cemas presiden jokowi ada kunjung ukraina rusia bangga yg rasa ,2
276,bendung beringin sila salah enam bendung proyek strategis nasional psn bangun ,1
277,erickthohir jokowi stop deh bohongin rakyat pal,0
278,erickthohir jokowi gak akhlak,0
279,gankofpetojo jokowi,1
280,rt syahrulyl damping presiden jokowi tinjau kembang benih unggul hasil balai teliti tanam padi ke,1
281,roesianam jokowi sdh watak moral rendah jd menhut zaman beye smp katain harison ford br minggu jd mend,1
282,hyangwisnu kemkominfo platejohnny jokowi komentar negatif dampak buruk rekam jejak kemkominfo platejohnny,0
283,rt hrmnt pasti sedia pangan presiden tinjau balai teliti tanam padi subang presiden jokowi tinjau langsun,1
284,rt johanadhi konflik penting zulhasan jokowi feriamsari zainalamochtar mohmahfudmd alvinlie burhanmuhtadi yunartowijaya ,1
285,ikramdewan jokowi jalan padang lampung an hutan lebat sawah ,1
286,rt pejuangind tugas hukum ngapain aja sihada akun kadrun pakai ava presiden tuhlalu sebar hoax amp fitnah deh ccicpolri divhumas,1
287,direktorat jenderal sumber daya air target bangun bendung beringin sila desa camat utan,1
288,jokowi tuju loh mas joko,1
289,rt jokowi korban ikhlas syukur hadirat allah maha kuasa hidup manusia makna ,1
290,dana desa tangan pmk tppjawatimur tppitulungagung jokowi halimiskandarnu,1
291,mari taruh pasang homo pulang kemarin pakai hot pants  kali aka,1
292,hyangwisnu kemkominfo platejohnny jokowi tinggal rekam jejak negatif media sosial kemkominfo platejohnny,0
293,pakguruhonorer jokowi hahaha jokowi berani berani bohongin pilih,0
294,erickthohir jokowi modalin barbershop dongbantuan perintah,0
295,pertamina mohon cerah harga pasar indonesia mahal dr malaysia ron vs ro,1
296,fredmansel iqbaal detikcom jokowi gak logis solusi suruh pindah,1
297,indonesia is working hard on the food security front listen to president jokowi on the self sufficiency level fo,1
298,bendung beringin sila sumbawa target rampung jokowi,1
299,hyangwisnu kemkominfo platejohnny jokowi etika jaga ruang digital kemkominfo platejohnny,1
300,presiden jokowi bantu kuat daya beli masyarakat tingkat,2
301,erickthohir jokowi bhuahaha kasih amplop naikin ekonomo rakyat ga yg elegan ,0
302,fachrudinrozi infosebelah jokowi divpropampolri divhumaspolri kejaksaanri aryprasetyo kesittt cerah beking kaseto,1
303,daddyashari jokowi menteri titip panci,0
304,infosebelah jokowi divpropampolri divhumaspolri kejaksaanri aryprasetyo kesittt cerah laku ga ka,1
305,ganjarpranowo dinaslhkabmagelang pemkabmagelang jokowi,2
306,nechhh iqro tatakujiyati mdyasmara mskaban otak pd rada trcerahkan ind yg di,0
307,jokowi kiyaimarufamin hrs nonton cuplik video lg universitasairlangga cctv,1
308,trahmunir kompastv dinopattidjalal jokowi ciye begoknya smpe tua,0
309,rt ikramdewan yulhar jokowi akhhh gak sumatera mna tuhh nya tinggal sumatera,1
310,jumiantork kanjengraden zulhasan jokowi langkah catur jokowi markotop pangku,0
311,erickthohir jokowi nyong suka lawa inita putar terusmakin ketawa bae,0
312,hyangwisnu kemkominfo platejohnny jokowi bijak media sosial katakata tidak,2
313,erickthohir jokowi statement capres,1
314,jokowi gas pok literasi uang komitmen kembang literasi uang tani nelayan jokowi,2
315,alisyarief jokowi aniesbaswedan abu janda periksa apa abu nya janda nya,0
316,jokowi yg faham eh sok an ngasi bantu rs ukraina mau cari muka rakyat ,0
317,hyangwisnu kemkominfo platejohnny jokowi hatihati jejak digital rekam kemkominfo platejohnny,0
318,jokowi semut seberang sungai nampak wujud gajah pelupuk mata keliatank,0
319,biar rezim jokowi hidup ribu allah yg tdk mungkin,0
320,oposisi plangaplongo kasih sempat presiden jokowi plangaplongo kualitas seo,0
321,jumiantork zulhasan jokowi kek pa presiden jokowi sesal tri dagang kpd,0
322,jokowi pro tara gender batas akses teknologi hambat umkm perempuan jokowi,2
323,rt andikamalreza generasi muda yg ga paham kpk ya surpres surat pres,1
324,rt ranisor panitia nasional merdeka ri dikoordinir sekretariat negara identitas tunggal pakai seba,2
325,rt oscarwh desawisatanusantara jokowi halimiskandarnu kemendespdtt ditjenpdp malikharamain imansyukri taufikmadjid yusrada,2
326,rt abdulali please help refugees in indonesia refugees uninindonesia annmaymann unhcrindo unmigration valeriejulliand iomindon,2
327,katzedikke erickthohir jokowi periode,0
328,jokowi gas pol didik anak penrinya ajar perilaku sesuai pancasila jokowi,2
329,tuju presiden jokowi ccicpolri divhumaspolri,2
330,jokowi sanggup bayar pengguran juta bulan setahunkadrun glorie bangeut,2
331,literasitypo erickthohir jokowi ntar bikin video ngintip gorong,0
332,jokotol krtkpdpro jokowi loe yg pinter ajahidup loe masik blangsatt ente yg ngaku pinter uda puya,0
333,presiden jokowi tinjau langsung balai teliti tanam padi bbpadi kabupaten subang provinsi jawa,2
334,odhe jokowi kspgoid zul zulkmu tuh udah bantu presidenjangan maen kyk kemaren,0
335,erickthohir jokowi statement tri bumnenek pasar jokowi kasih bantu perintah ibarat,2
336,projonolsatu jokowi ehm,1
337,katzedikke erickthohir jokowi tingkat percaya angka blusukan,0
338,erickthohir jokowi amplop kuasa tp ga paham macromana impact tumbuh ekonomi  ekonomi keluarga,0
339,jokowi ayo hemat pangan,2
340,fredmansel iqbaal detikcom jokowi ya kagak pindah sulit sekian ora,0
341,erickthohir jokowi,0
342,rt negerikolam lurah dukung jokowi sekjen pbb biar dunia rasa hebat ngibulnya,0
343,antojagad gopank thepzcheq gunromli jokowi cerdas my ass ,0
344,akunrecehpeduli jokowi tuju harga bbm buzzerrp dukung bijak ,0
345,rt mikeadamhalik tanggap awak media menteri berkampanyepresiden jokowi menteri fokus kerja,2
346,rt akunrecehpeduli pura fakta bbm diikutiin harga cabe langit jokowi  bbm,0
347,jokowi he arrived in your country with diplomatic passport from china and would like to be able to explain ,0
348,katzedikke erickthohir jokowi cakep nih orang,2
349,rt buayaubanan naung pancasila khilafahindonesia khilafahsaya warga indonesia dukung perintah,2
350,bantu sosial dagang jokowi bantu terima manfaat progr,2
351,syofiandemotor jokowi binofficialri nuchannels saidaqil msoekarnoputri rockcenternyc tiktoksupport capta,0
352,duckbusterr erickthohir jokowi wkwkwkwkw wkwkwkw,0
353,erickthohir jokowi mamacu tumbuh ekonomi pajabat iya negara banglades dah,0
354,tambah modal kerja usaha mikro dagang pasar dagang kaki pkl tri,2
355,yuliati jokowi halimiskandarnu nurimaulidiz mifthulmunir cakfuri iskandarnh hizbullohhuda,1
356,erickthohir jokowi si erick bego bkn nya pinter bumn suntik,0
357,erickthohir jokowi  ya pacu tumbuh ekonomi,0
358,presiden jokowi harap bantu kuat daya beli masyarakat tingkat tumbuh ekonomi ,2
359,zialogi wwwwkkewekkkkmantappppdimana presisi nya ya pakjokowi skrg kes pilih bapakcuma dasar agama,0
360,jokowi,1
361,presiden jokowi unjung pasar sukamandi subang jawa barat pasar temu dagang,2
362,erickthohir jokowi erick kurs rb signifikan dampak nya utk produsen yg muat impo,2
363,rt jokesbats maya listyosigitp divhumaspolri sukro aja bebassi topa dah ktangkep bebaspak jokowi kapan,0
364,bansos pacu tumbuh ekonomi jaga daya beli masyarakat jokowi,2
365,rt ahmadsy tpplamongan tppjawatimur semangat awal proses susun rkpdesa juli sd agustus ,2
366,erickthohir jokowi bantu duit rakyat uang pribadi kalo duit rakyat nama bantu wajib,0
367,rt selenalauraaa beri vaksinasi gratis karyawan pt pelni bentuk peduli dr perintah presiden jokowi ,2
368,jokowi your excellency president joko widodo our investor has been working for month now at the hotel in jakar,2
369,anaismawatiism jokowi,2
370,copot pdiperjuangan dpppkb partaigolkar nasdem jokowi mohmahfudmd dprri reflyhz karniilyas,0
371,yuliantowie hajeedude aprabowoadi uyokback jokowi kontol,2
372,jokowi harap harga minyak goreng curah kisar rp ribu bawah jokowi,2
373,opowaelahkeno jokowi horeeeeeeee presiden idolakuuuu,2
374,erickthohir jokowi oowwhh teori ekonomi mikroskop ya tumbuh,1
375,regdenef jokowi yusrilihzamhd ramlirizal nurmantyogatot officialmkri kirakira kalo kalah cerai gak ya penasaran,0
376,fredmansel iqbaal detikcom jokowi emang negeri milik nenek moyang kau,0
377,anaismawatiism is the best jokowi,2
378,jokowi smngt,2
379,jokowi bravo presiden,2
380,rt kmer maya jokowi nggak kapok adik tangkap kpk,0
381,jokowi benih benih siap import beras dahulu banyak ngibul ah,0
382,presiden jokowi gas pol tegak hukum pinginnya sih gitu tuju adil restoratif masala,0
383,hyangwisnu kemkominfo platejohnny jokowi payung hukum inisiatif bangun pdn cantum atur ,2
384,rt diajengbhakti rawa jokowi kesel bgt dijadiin menteri jatah koalisi hadeuh ngeselin bg,0
385,veritasardentur jokowi tuju bang kampung norak banget nih gaya bos loe sat valeryanbr onlyfrens,0
386,gw aja menkes jokowi,2
387,afisanusi marquez jokowi label yg lekat anis sbg politik identitas cuci dgn nara,2
388,syofiandemotor jokowi binofficialri nuchannels saidaqil msoekarnoputri rockcenternyc tiktoksupport kmsb,2
389,yaniarsim jokowi,2
390,iiizahrah erickthohir jokowi setujuuuu,2
391,hyangwisnu kemkominfo platejohnny jokowi aryprasetyo farrel dnbil delardian firzahusainid,2
392,rt katrinrienks rawa jokowi pilih futri anak sy ya minyak goreng gratis,2
393,balai prasarana mukim wilayah bppw malu utara wujud tingkat kualitas mukim kumuh per,2
394,inget ya inget cc jokowi,2
395,jokowi benih benih asmara ga,1
396,tjitrosoenarjo jokowi mohon jokowi perintah listyosigitp sebar hoak,2
397,rt infosebelah karna gadis bocah desa miskin je perkosa aparat tegak diam jokowi jaksa,0
398,sulap kawasan kumuh kota ternate layak huni produktif jokowi,2
399,semutkecil sehatroemah kemenkesri jokowi mohmahfudmd kemenkeu fpksdprri fraksipkb fraksigerindra,2
400,mahasiswigenz jokowi uugghhh malu banget  sampe muat media,0
401,kacau amanh turun migor migor jadi alat utk kampanye anak pan kacaaau,0
402,kemenkes monitor ketat laboratorium pasu hasil tes pcr da,2
403,partonoadjem jokowi panglima banser lg kosong tuh,0
404,johnhendrik alisyarief wwkkwkkkitu rajapaksaraja utang gk bayarya kayak diaberutang darah pahlw,0
405,pasien hasil pcr positif pedulilindungi label hitam label pasien masuk,2
406,erickthohir jokowi you ngelawak,0
407,jokowi kemenkumhamri polhukamri mohmahfudmd kemenagri ansorsatu yaqutcqoumas one step closer negara ag,2
408,rt donggaogie cintada jokowi,1
409,rt ainunaljapari rawa jokowi nunjukin kerja partai ya dah aktif ,0
410,kemenpu jokowi selesai,1
411,rakyat takut sih jokowi hadap bijaksana bpk benr pimpin yg ,0
412,instruksi muncul susul lapor masyarakat tes pcr hasil terca,0
413,ipehtetapnganu jokowi yaw nyeseekk sampe ulu ati ,0
414,erickthohir jokowi agenda giat bagus pasar pelosok nusantara pacu pe,2
415,jokowi gaspol maju desa menteri desa bangun daerah tinggal transmigrasi abdul halim iskandar menga,2
416,klo pasar harga migor curah ribu ngapain didatengin jokowi yg arti,0
417,bolukukussss umyka drsito jokowi eh babi ikut komen,0
418,perintah jokowi gas pol tahan energi jaga tahan energi nasional pertamina dongkrak produk,2
419,rt aqylahnadya komnasham komisiyudisial najwashihab matanajwa mahkamahagung mohmahfudmd ylbhi awkarin ernestprakasa kemenkumha,2
420,wagimandeep budimandjatmiko jokowi pecat menteri nga serius kerja,0
421,rt ntkeanekus rajajuliantoni jokowi met malam wamen sy program ptsl kab bekas rw sana penga,2
422,democrazymedia untung bpk jokowi presiden ri kondisi ekonomi pangan papan seandainy,2
423,psantoda divankri listyosigitp kapolri kecut gantikapolri jokowi,0
424,rt aqylahnadya sakit terima papa hukum buat laku moga dapat,0
425,lidah ngga tulang ya gin gin banget jokowi,0
426,rt aryprasetyo saksi korban kebidaban sang pedofil julianto ekaputra milik spi batu malang nya larut,0
427,maya dimaselagie jokowi pakdhe pecat zhkesuwen ngrusak kabinet,0
428,menkominfo platejohnny aplikasi super suoer apps meng,2
429,mskaban bodoh gn jokowi ga tarik angkat jd menteri,0
430,andisharif bagi ya jokowi,1
431,erickthohir jokowi gin ya pola pikir seirang menteri mukidi,0
432,ajiejalmialit jokowi ya bidjimane yak wkwkkw,0
433,pandji jokowi basukibtp yg aduhhhhh klo dlm hitung kalkulator hasilnyaeeee,0
434,uyaboira kasi jokowi remeh kibul main khianat menteri nya apes bnget jdi rakyat republik,0
435,msaiddidu syungguh jokowi,0
436,cintada jokowi,1
437,erickthohir jokowi gak sembari kampanye minyak goreng ,0
438,rt capktain menkominfo platejohnny bangun infrastruktur digital rakyat menkomi,2
439,rt safeguardindo presiden joko widodo serta iriana joko widodo tinjau pusat pasar kota medan provinsi sumatra utara hari,2
440,agungfa jokowi halimiskandarnu bppmddenpasar kismanpsm igedeyudiastana armawagede is the best jik,2
441,terang pers presiden jokowi balai teliti tanam padi kabupaten subang juli kawaljokowi,2
442,nakula karna presiden jokowi optimis bebas dri krisis ekonomi presiden pepo nahhh yg was,2
443,hyangwisnu kemkominfo platejohnny jokowi aplikasi integrasi supaya,2
444,menkes budi gunadi sadikin instruksi laboratorium periksa tes covid pasu hasil tes ,2
445,amblukang menluri jokowi,2
446,jokowi,1
447,mandaroalam erickthohir jokowi emang mampu utkb sekitar pasar,1
448,jokowi gaspol infrastruktur menteri pupr direktorat jenderal sumber daya air target bangun,2
449,kemenkes cabut izin laboratorium masuk hasil tes covid sistem jokowi,2
450,jokowi,1
451,jokowi wenang mampu kronologis yg janggal aneh,2
452,hyangwisnu kemkominfo platejohnny jokowi tata guna,2
453,gws jokowi,2
454,jokowi gaspol infrastruktur menteri pupr direktorat jenderal sumber daya air target bangun,2
455,maya julygaming jokowi anak nggak hebat anak jokowi,0
456,erickthohir jokowi pasang foto atm ekonomi bangkit,0
457,rt pakguruhonorer jokowi dar ingat,1
458,liedjievie ariefbudiawan pnlh kotamati jokowi zulhasan bener,1
459,rt agungfa terimakasih percaya latih bpd staf desa camat baturiti jokowi halimiskandarnu bppmddenpasar ,2
460,ipehtetapnganu jokowi nyesek pilih periode ngeluh malooo,1
461,rt kofielake gratisterbaik jokowi gak berani diskusi berani persekusi orang dg emosi yg stabilbego senjata,0
462,rt drsito jokowi bohong aja rakyat percayatapi akhirat gimana yah,0
463,presiden jokowi tinjau langsung balai teliti tanam padi bbpadi kabupaten subang jawa barat ha,2
464,totoandre nusantaraone jokowi mohmahfudmd yg anti pancasila bikin berita hoak dn fitnah,0
465,hyangwisnu kemkominfo platejohnny jokowi aplikasi perintah efisien kemkominfo platejohnny,0
466,jokowi naik harga rajungan makan,2
467,pandji klo anies periode jabat org yg jokowi tipe org yg kgk tanggung ninggalin jkt ,0
468,rt mysumatera presiden jokowi wajib warga indonesia pakai masker ruang covid di,2
469,hyangwisnu kemkominfo platejohnny jokowi cepat ya buat aplikasi super ,2
470,rt krtkpdpro serta aksi medan dapat polisi lap keliling aksi tdk lihat,0
471,fredmansel iqbaal detikcom jokowi gimana pindah negara tolong ajarin mas kalo gampang syarat nya pindah,0
472,helmifelis jokowi mantabz lur,2
473,mamz jakfar fredmansel iqbaal detikcom jokowi lu indosat,0
474,cbcumi jokowi sapi,0
475,rt setkabgoid pasti sedia pangan presiden jokowi tinjau balai teliti padi subang kabarkabinet,2
476,hyangwisnu kemkominfo platejohnny jokowi bener banget bikin hp lot banyak ,2
477,rt setkabgoid ganti wakil ketua kpk presiden jokowi proses kabarkabinet,2
478,erickthohir jokowi harga bbrp kali maunaik gas kokgk mikirin rakyat ya,0
479,erickthohir jokowi tolong kunjung bantu pasar indonesia biar pertumbuha,2
480,rt elmahfudzi moeldoko pelopor arah ubah mobil listrik nasional moblin pamer pevs ajang kendara listrik buat indonesia jok,2
481,erickthohir jokowi ngasih bantu kya gitu masuk tumbuh ekonomi bijak woiiii yg pengaruh,0
482,terang pers presiden jokowi kunjung pasar sukamandi kabupaten subang jawa barat presiden bagi,2
483,jokowi gaspol maju desa menteri desa bangun daerah tinggal transmigrasi abdul halim iskandar menga,2
484,moeldoko pelopor arah ubah mobil listrik nasional moblin pamer pevs ajang kendara listrik buat indone,2
485,erickthohir jokowi konyol tweet mu kelak legend rik,0
486,erickthohir jokowi kalo bilang pret kena uu ye ngapusi,0
487,rt rubby andisinulingga jaman alm hm soeharto sbyudhoyono kalo bangun diem diem aja bere,0
488,pnlh jokowi zulhasan yg ngusulin nih orang tri ya,0
489,papaloren erickthohir jokowi cakep dah kalo,2
490,maya jokowi wkwkwk partaipan nak templok waras kerja jgn citra bukti partai pan omdo,0
491,mandaroalam erickthohir jokowi bijak perlu boss,2
492,minniejuni jokowi tuju,2
493,thank god terimakasih presiden jokowi moga tuntas,2
494,rt indober presiden joko widodo resmi canang revitalisasi lapang merdeka kota medan provinsi sumatra utara ,2
495,herrommy jokowi sdh dpt transfer pa blm nihwkwkwk,0
496,erickthohir jokowi moga perintah jajar menteri solusi dampak nasional,2
497,erickthohir jokowi oooo keliling pasar sampe,2
498,erickthohir jokowi kartu sembako murah janji,1
499,rt marquez rizaarfifi jokowi negara iklim tropis bang indonesia negara yg kaya raya hasil bu,2
500,jokowi tulung mbendino mamak sambat harga bahan dapur pd ki solusi gmna,2
501,desawisatanusantara,2
502,rt mandaroalam bro erickthohir ngasih bantu pasar pacu mah ekonomi pasar doang mah level ,0
503,erickthohir jokowi lagu udah basi,0
504,laseapoyhbb jokowi kwkwkwkwkww bener bang raja ngibul asli ud go international ngibulnya,0
505,dkardiwanto ccicpolri divhumaspolri sadar gak ya akibat biar gak juntrung roy sur,0
506,jokowi mulut ngomong panagan nyata rakyat lapar,0
507,rt ferrykoto mantap pres jokowi muhadjir proses sj duga duga blm sidang koq main cabut izin po,2
508,androidak revolusi lucu jokowi,0
509,snmblex jakfar fredmansel iqbaal detikcom jokowi konteks bang,0
510,presiden joko widodo resmi canang revitalisasi lapang merdeka kota medan provinsi sumatra utara,2
511,jnp jokowi nyari kerja susah canda,0
512,erickthohir jokowi klo tani susah jual pasar bayak tengkulak potong klo jua,0
513,odhe jokowi kspgoid kasih sempat utk ubah coba coba dgn biasa lamaapa hrs kasih,0
514,kompastv nya marah diskriminasi eh gpp dech pa jokowi lulus unibraw,0
515,terimakasih percaya latih bpd staf desa camat baturiti jokowi halimiskandarnu,2
516,erickthohir jokowi muak citra woy mulia hormat baikn,0
517,rt capktain menkominfo platejohnny fiber optic indonesia putus fiber optic indonesia sendi,2
518,kasih bebas anak bawa hp sekolah pesantren langsung komunikasi keluarga jokowi,2
519,erickthohir jokowi ,0
520,alisyarief jokowi aniesbaswedan lha pakjokowi fitnah pki kafir rendah martabat ente diem aja ,0
521,erickthohir jokowi kelas perintah bilang pacu tumbuh ekonomi pp sungguh guna skali ijibuat rakyat,0
522,gusarifin dije jokowi aja umur jagung dah kayak gin duuh,0
523,iqbaal detikcom jokowi bawa jerigen malaysia gih jual ecer untung tuh,0
524,santorinissun orang jadi menteri jokowi,0
525,riyutoooo tatakujiyati brotherdjon jokowi kemenpu ya yg kerjain susah lu muter bae ,0
526,fredmansel iqbaal detikcom jokowi kalimat langsung aku klo presiden ga,0
527,lukmanrudianto machbeach bliliang dennysiregar jokowi ,0
528,gratisterbaik jokowi ,0
529,yth presiden jokowi kpk kpkri firlibahuri cari burunon harun mas presiden tdk tawa,2
530,ldi jokowi kemkominfo,1
531,riyutoooo tatakujiyati brotherdjon jokowi gue ga jadiin deny siregar abu janda acu sorry beda,0
532,sautsitumoran cc jokowi,1
533,rt penjagajokowi ketidakpastian global akibat ancam krisis pangan energi pengaruh ne,0
534,rawa jokowi dah bikin ulah,2
535,jumhanatintin genbewise erickthohir jokowi mak kisi kisi desain si tri wujud,0
536,jokowi gimana program impor beras xixixi,0
537,erickthohir jokowi kalo bikin ekonomi bangkit sih gak perintah baim aja suruh ngurusin negara,0
538,sejaktergusur tatakujiyati jokowi mdyasmara ekowboy piara marah,0
539,jumiantork zulhasan jokowi zul duhkok cupet banget nalar tdk kelas macem or,0
540,rt aryprasetyo anggar potong tambah anggar kominfo rp triliun rp ,2
541,gopank thepzcheq gunromli jokowi itubisa manata ajapasti menipudan anehnyayg tipu tdk,0
542,tatakujiyati bambangmulyono kjp program nya jokowi  anies tinggal nambah plus krn bingung bikin program,1
543,rt putramarbau wak jokowi pdiperjuanganp jalan jalan donk riau enak udel aja,0
544,halo aniesbaswedan pakjk sbyudhoyono agusyudhoyono mskaban mardanialisera komando turun,1
545,menkominfo platejohnny fiber optic indonesia putus fiber optic indon,1
546,rt kangdede presiden jokowi tolak kabupaten subang provinsi jawa barat kunjung kerja selasa jul,1
547,ipinzant onyikz fredmansel iqbaal detikcom jokowi kalo jokowi mundur yg gantiin kyai maruf loh,1
548,presiden jokowi menteri fokus kerja sibuk kampanye,1
549,erickthohir jokowi,1
550,cemas presiden jokowi ada kunjung ukraina rusia bangga yg rasa,2
551,bennykeef rakyat terima kasih minyak goreng langka bbm hukum gak dll jokowi to the moon,2
552,semutkecil kemenkesri jokowi mohmahfudmd kemenkeu fpksdprri fraksipkb fraksigerindra fpddpr,1
553,odhe jokowi kspgoid ganti wae,0
554,nkrihargamati jokowi pakjk linglung,0
555,menkominfo platejohnny fiber optic indonesia putus fiber optic indon,1
556,iqbaal detikcom jokowi apa yg sana rendang babi bebassss gak ribut spt jd nista,0
557,mamz jakfar fredmansel iqbaal detikcom jokowi gimana tuh dollar turun banyak,0
558,menkominfo platejohnny fiber optic indonesia putus fiber optic indon,1
559,ketidakpastian global akibat ancam krisis pangan energi pengaruh semu,1
560,lantas jokowi pilih zulhasan mendag jokowi butuh koalisi gemuk ya pan langsung ,0
561,hayomimir genbewise erickthohir jokowi ga percaya dr luncur,0
562,erickthohir jokowi oh gitu ya tolong ksh tau jokowi kmbalikan harga tbs tani sawit pd kisar rp ,1
563,menkominfo platejohnny fiber optic indonesia putus fiber optic indon,1
564,mamz jakfar fredmansel iqbaal detikcom jokowi kabar,1
565,rt alf dana desa atas wabah pmk jokowi halimiskandarnu kemendespdtt ditjenpdp malikharamain imansyukri taufik,1
566,odhe jokowi kspgoid adik koruptor udah vonis pake sorban ikut berat,0
567,salvatorezid playapexesports playapex easoutheastasia jokowi,1
568,mohon doa restu donasi aniesbaswedan fadlizon ganjarpranowo jokowi msaiddidu sandiuno,2
569,rt gusshodikin media corong informasi masyarakat desamembangun jokowi halimiskandarnu tppkemendes kpwjatim,1
570,republikaonline udah turun drastis jokowi sy jual daging sapi bayar lapak gerobak aja uda,1
571,rt hrmnt kemenkes cabut izin laboratorium lapor nar new all record sanksi laborato,2
572,erickthohir jokowi yg dpt bantu yg butuh bantu sisa yg gimana,1
573,semutkecil kemenkesri jokowi mohmahfudmd kemenkeu fpksdprri fraksipkb fraksigerindra fpddpr,1
574,erickthohir jokowi banyak nongol atm bgini bantu darurat,0
575,zaqi firmanf musniumar jokowi cebong kok mmg kayak ga pnya cermin aja wkwkw,0
576,rt damaitanpa pakdhe jokowi rakyat indonesia doa moga sehat kuat kokoh,2
577,rt amblukang siang temu menlu retno selamat indonesia hasil tuan rumah temu menlu pekan terima kasih indonesia sambut hangat kunjung nasihat negara menteri negeri wang yi tukar pandang hubung bilateral temu menluri sore tindak negara bagi,2
578,syofiandemotor jokowi binofficialri nuchannels saidaqil msoekarnoputri rockcenternyc tiktoksupport mgn,1
579,erickthohir jokowi nggak ngaruh kalleeeee hadeh sopo sih seng guoblok,0
580,jokowi yg bener politik,0
581,erickthohir jokowi rakyat indonesia jt cm pasar,0
582,odhe jokowi kspgoid tahu asli sebenernya gk becus kerja,0
583,sebentar jokowi,1
584,bluejeanshitam erickthohir jokowi ak speechless,1
585,jokowi,1
586,rt agusyuliarto menteri focus kerja focus caprescawapres direshuffle jokowi siap,2
587,jokowi deuuh impor naga naga ya pa,0
588,pakdhe jokowi rakyat indonesia doa moga sehat kuat kokoh,2
589,erickthohir jokowi tumbuh muka tembok,0
590,idextratime tolong bantu jokowi listyosigitp divisihumaspolri,2
591,maya jokowi sayang anak gratisin minyak goreng,2
592,papaloren erickthohir jokowi aneh bgt sih kasih bantu pasar benahin tuh harga,0
593,erickthohir jokowi tai,0
594,veelaarhie listyosigitp jokowi mohmahfudmd divhumaspolri terap uud berla,2
595,rt edysiregar janji paduka mulia presiden jokowi rakyat indonesia,1
596,cnnindonesia drama jalan tol ya lupa mm hati comment yang,0
597,ente bacot bro tunjuk ganti jokowi amp kma lengser melulu ,0
598,xcentral riurizkiutomo divhumaspolri jokowi mohmahfudmd listyosigitp,0
599,lempar aja pohon pa  jokowi kspgoid,0
600,veelaarhie jokowi pakdhe suka ngetes org yg kritik perintah beliau dgn suruh pegamg jabatanda,0
601,jokowi,1
602,odhe jokowi kspgoid oooh saiki dadi mendag totmbe ngrti wis jan tinggal brta,0
603,erickthohir jokowi ga sia pertamina urus ahok,0
604,erickthohir jokowi bantu pasar,1
605,erickthohir jokowi,1
606,rt elngogj munknown jokowi josss,1
607,erickthohir jokowi tertawa aja,1
608,munknown jokowi josss,1
609,rt munknown tol laut jokowi orang ragu dampak turun disparitas harga daerah ,2
610,kemenkes cabut izin laboratorium lapor nar new all record sanksi la,1
611,johanadhi yunartowijaya zulhasan jokowi feriamsari zainalamochtar mohmahfudmd alvinlie burhanmuhtadi,1
612,pretttttsisi kerja listyosigitp jokowi tolong ganti kapolri,1
613,jokowi kalou protes indonesia tanding viet vs thai tolak affpresse sah,0
614,rt fyathir inaleaks selamat ulang jokowi,2
615,jokowi,2
616,rt tanmarm erickthohir jokowi,1
617,mantap pres jokowi muhadjir proses sj duga duga blm sidang koq main cabu,0
618,pakguruhonorer jokowi,1
619,rt loveagever the real nato no action talk only bacot ribut pingin turun jokowi sayang niat jahat ,0
620,erickthohir jokowi cekik bantu cekik,0
621,rt hatimata inaleaks agusyudhoyono abrahamsamadd rahmayadiedy lsowien mantanprojo walangkakek maherhilldi aagym adihidayatlcma,1
622,geloraco harap smoga menjd cikal propam institusi polri langsung bawah menkopolkam,2
623,erickthohir jokowi ga mutu kasih bantu mudah kredit khusus nya umkm limit ja,0
624,bluejeanshitam erickthohir jokowi mgkn teori ekonomi,1
625,erickthohir jokowi taek taek ngomong gak pake otak,0
626,erickthohir jokowi mas bro erickthohir pres bantu menteri kayak sampeyan bikin sistem ,0
627,erickthohir jokowi jauh ruko tutup sungguh luarbiasa pacu tumbuh ekonomi,1
628,rifgreen axamandiri cnbcindonesia jphvds jokowi erickthohir airlanggahrt listyosigitp bankmandiri ,1
629,mandaroalam erickthohir jokowi swasembada photo ,1
630,erickthohir jokowi haluuuuuuu,0
631,papaloren erickthohir jokowi lucu yasatu pasar doank udah jd indikasi tumbuh ekonomiko tu de plak,0
632,wisata unik alunalun desa coba lihat yok desawisatanusantara jokowi taufikmadjid imansyukri,2
633,satriohendri ahh bacot lu gendonsepatu lu sm sepatu jokowi mahal sepatu lu sai kopi buanggaasaat ehh hensat,0
634,undulh erickthohir jokowi ,1
635,erickthohir jokowi caaarraaa owhh kejut,0
636,kucingb drsito jokowi dasar bacot kadrun cuman bs teriak jual utang haram kaya hidup lu ,0
637,desawisatanusantara jokowi halimiskandarnu kemendes tppkemendes tppipmdbkl tppbenteng ferisusbkl,1
638,sehatroemah kemenkesri jokowi mohmahfudmd kemenkeu fpksdprri fraksipkb fraksigerindra fpddpr,1
639,gankofpetojo jokowi ayo mundur aja dukung,0
640,duckbusterr erickthohir jokowi sampe kaget raisa,0
641,rt cecangeulis menteri daya perempuan lindung anak bintang puspayoga batas akses mampu ,2
642,erickthohir jokowi adu harga beri uang harap redam kecewa ra,1
643,rt cecangeulis presiden jokowi tolak kabupaten subang provinsi jawa barat kunjung kerja selasa ,1
644,rt cecangeulis undangundang masyarakat harap kuat wujud konsep adil restoratif anut sistem rad,2
645,rt cecangeulis menteri atrbpn had tjahjanto pegawai bpn bukti pungli pecat jokowi,1
646,semutkecil kemenkesri jokowi mohmahfudmd kemenkeu fpksdprri fraksipkb fraksigerindra fpddpr,1
647,erickthohir jokowi menteri bumn ilmu cetek ya ,0
648,odhe jokowi kspgoid tegur pecatpak dhe,1
649,rt nadinhang menteri didik budaya riset teknologi mendikbudristek nadiem makarim didik karak,2
650,rt nadinhang perintah jokowi menteri pupr bangun stadion multifungsi indoor multifunction stadium ims di,2
651,rt rudyfarthuack meinamaku wienakinasih divhumaspolri listyosigitp sich luka tembak aniaya teg,0
652,rt yopiluthfi erickthohir jokowi malih regulasi bijak yg nikmat rakyat banyakkalau sepe,2
653,jokowi gas pol tahan pangan tan syahrul yasin limpo naik harga cabai bawang ,1
654,erickthohir jokowi trus bikin lelucon wak,1
655,simbokesarah jokowi pil jokowi gak mr harrisonford ,0
656,rt nadinhang pegang bpn bukti pungli pecat atrbpn jokowi,1
657,rt nadinhang presiden jokowi tolak kabupaten subang jawa barat pagi pangkal tni au atang sendjaja kabupaten bogor,1
658,marquez jokowi lw ga sah nyindir jokowi kn balik dri kate lwlw kayak nya usap ma pak,0
659,rt nadinhang undangundang masyarakat harap tahap kerja sistem adil pidana,2
660,jokowi gas pol tahan pangan tan syahrul yasin limpo naik harga cabai bawang ,1
661,jokowi moga manfaat masyarakat,2
662,rt nadinhang sesuai arah presiden jokowi kemenpu tahap bangun infrastruktur dukung kembang kawasan,2
663,rt zainalabdialam erickthohir jokowi jokowi,1
664,rt rbassoeky amazingblitar desawisatanusantara tppiblitar tppiblitar tppblitar jokowi halimiskandarnu yusradaridesa tppkemend,1
665,jokowi gas pol tahan pangan tan syahrul yasin limpo naik harga cabai bawang ,1
666,aryprasetyo divhumaspolri listyosigitp nkrijokowisyoo dedimahardi nakula chusnulch dsyantie,1
667,rt inaleaks presiden jokowi nama pembangunanisme anggap kpk investor takut jabat bera,0
668,pssi pssi kemenporari jokowi indonesia out aff,1
669,jokowi gas pol tahan pangan tan syahrul yasin limpo naik harga cabai bawang ,1
670,rinjanijb jokowi officialpan manusia ga adab kenal etika,0
671,erickthohir jokowi bos bbm bos,0
672,syofiandemotor jokowi binofficialri nuchannels saidaqil msoekarnoputri rockcenternyc tiktoksupport but ye,1
673,ahmadsy jokowi yg untung,1
674,sehatroemah kemenkesri jokowi mohmahfudmd kemenkeu fpksdprri fraksipkb fraksigerindra fpddpr,2
675,rt abikasa kemendagri jokowi mohon batal sdh resah warga,2
676,gratisterbaik jokowi ya musuh perintah paknamun perintah musuh andaitu sdh sgt,0
677,devanavedraza yusufdumdum jokowi ucup dungu dungu,0
678,infosebelah jokowi divpropampolri divhumaspolri kejaksaanri aryprasetyo kesittt cerah ancene toaek,2
679,rt hansssolo jokowi mendag manfaat fasilitas negara promosi anak etis ,0
680,jokowi jokowi stok pangan indonesia aman gmna surplus indonesia ,0
681,marquez bhaktirah jokowi cebong mang goblokbisanya fitnahga bantu tpi fitnah nya kenceng,0
682,rockygerungrg musuh aja teman terang lawan teman musuh selimut,0
683,rt sukisno selamat koperasi nasionalkoperasi kuat masyarakat kuat ekonomi harikoperasinasional jokowi halim,2
684,rt jokowi kota semarang pasar johar keliling lantai lantai temu dagang warga anjak,2
685,setkabgoid jokowi kasih surat ingat,0
686,erickthohir jokowi usaha bahagia tengah derita hutang menumpuknegara berhutangrakyat tanggung,0
687,lhaah mbok ditunjukin bukti cctv group khilafax bangun opini publik dg narasi pmrth pak,0
688,rt kemenpu hal renovasi gelora karno gbk renovasi tmii upaya rawat bangun sejarah,2
689,pbb undang jokowi terima harga tinggi bidang damai,2
690,jokowi maaf jokowi presiden soeharto dlu cipta swasembada beras sini kayak susah se,0
691,snmblex jakfar fredmansel iqbaal detikcom jokowi indosat dollar aja,0
692,jokowi alih subsidi didik sma derajat hapus biaya didik beban,0
693,rt kemenpu taman mini indonesia indah tmii rekreasi rakyat bangun an renovasi tmii at,0
694,rt uyaboira lu hutang budi sih jokowi mayoritas kagak yg beres kabinet elu,0
695,rt herykardono rotatimu bambangtriwanto pwardana medianusantara banggasurabaya sapawargasby ess jatimpemprov sandiuno ,1
696,regdenef jokowi yusrilihzamhd ramlirizal nurmantyogatot officialmkri patuh kakak ipar,0
697,rt susyanto pejuangrakyatid jokowi zulhasan kemendag infobappebti salah salah menu,0
698,herykardono rotatimu pwardana medianusantara banggasurabaya sapawargasby ess jatimpemprov sandiuno,1
699,desawisatanusantara,2
700,jokowi sdj ya,2
701,moga kemenkesri budigsadikin pbidi awal insentif dokter internsip cc kemenkeuri prastow,2
702,rt sudahtoh indonesia bangkrutuang kantong jokowi ,0
703,rt pejuangrakyatid jokowi zulhasan kemendag infobappebti segel dna sgt itikad ikut regulator knp tib,0
704,jokowi sdm mumpuni jokowi hapus subsidi bbm minyak gas percumabanyak kebobo,0
705,rt jumiantork gaya mu sok nyinyirin perintah nikmat subsidi bbm elpiji gayagayaan bilang bikin ribet alhamdu,0
706,erickthohir jokowi yaelah simbolis doang pack,0
707,jokowi presiden kabupaten subang moga pangan kurang pangan dunia cepat selesai ,2
708,roy suryo legal standing sbg lapor yg rugi umat budha amp presid,0
709,odhe jokowi kspgoid aja ya,0
710,rt dsangg uras pikir utk tebar benci jokowi paham ,2
711,siaga tahan pangan perhati presiden jokowi jajar kementerianl,2
712,rajajuliantoni jokowi makasih bagi jatah,2
713,fredmansel iqbaal detikcom jokowi waah cerdas sekaliiq saluut,2
714,plh gubernur jabar uu ruzhanul damping kunker presiden ri subang jokowi,2
715,erickthohir jokowi lucu ,1
716,tijabar iki pie dhe jokowi tri ko koyo ngene pa ne,0
717,jokowi mohon maaf akibat pilih menteri tokoh yg profesional dampak buruk ny citra wibawa peme,0
718,rt davidlie pejuangrakyatid infobappebti kemendag jokowi zulhasan muftianam abdulhakimbfg ariabima martinmanurung pdi,1
719,veelaarhie ccicpolri bobbyandhika jokowi listyosigitp divhumaspolri presisi,1
720,novrdx divhumaspolri ccicpolri jokowi mohmahfudmd kompolnasri era sgit,0
721,perintah menteri kominfo bangun pusat data nasional pdn indonesia menkominfo,2
722,negerikolam group khilafax bangun opini publik dg narasi perintah presiden jokowi yg salah,2
723,siawilsia jokowi partaipan pakdhe nabok muka pan pake kader pan kayak gin nih,0
724,rt simbokesarah bgmn kualitas mrk yg slalu nyinyir bd ttp bd gitu amanah langsung mbajing main,0
725,masuk buka cakap hp brigadir buka cctv rumah dekat tkp dengar letus tembak buka,2
726,mandaroalam erickthohir jokowi buzeerrp mah udah bagus bngt kerja,0
727,gratisterbaik jokowi gak berani diskusi berani persekusi orang dg emosi yg stabilbego per,0
728,yaniarsim jokowi ilerlu aja dah jok ,0
729,jokowi pk pupuk mahalobatan mahal pestisida herbisida jg mahal harga gabah murah harga sawit anjlok,0
730,presiden joko widodo tinjau proses teliti minyak makan merah pusat teliti kelapa sawit ppks kampung,2
731,herwatoe jumainali ganjarpranowo jokowi bravonur listyosigitp komnasham walhinasional fakta min,1
732,abyosa jokowi simbok mboten eng mas aby ,0
733,alextham msobri adi tolong beritahu orang langkah bp jokowi tawar jembatan ant,2
734,alisyarief jokowi aniesbaswedan klo otak pantat nyatu jdi susah bedain yg kentut yg omong sa,0
735,mandaroalam erickthohir jokowi hadeuhngomong,0
736,rusak segaja hilang rencana lihat video tiktok,0
737,ariamanik jokowi eee,0
738,jokowi musim tanam nanam musim panen importuraaaa,2
739,jokowi opo maselihat tani sawit mase nelongso uripepupuk mahal sawit hancur harga merga pungut export,0
740,erickthohir jokowi ngelawak aja lo bisa,0
741,jokowi mundur,0
742,rt yusronyus proses musrenbang rkpdes th desa boro kec kedungwaru kab tulungagung tppitulungagung tppjawatimur jokowi ha,2
743,rt kangjaffr nilai lapang lomba bumdes tingkat propinsi jawa timur wisata mbalong kawuk kec ngunut kab tulungagung tppitulungagu,2
744,rt pujanggasangpu presideb jokowi emang lobby tingkat,0
745,odhe jokowi kspgoid kasih jabat langsung amanah aji mumpung laksana ,0
746,umaralchelsea dah rusak program nya ingat presiden jokowi,0
747,erickthohir jokowi kasih kerja,2
748,erickthohir jokowi picik skl pikir bpk pacu tumbuh ekonomi turun hrg bbm pangkas gaji pej,0
749,rt tan rt jokowi situasi dunia disrupsi bidang pangan energi neka,2
750,erickthohir jokowi klo cm dg kunjung amp bantu satu pasar bs tingkat tumbuh ekonomi sp,2
751,jokowi piye pakengomong pangan harga sawit hancursubsidi pupuk tani sawit henti opo artine mase,0
752,rt jokesbats franspriyo maya listyosigitp divhumaspolri jokowi polhukamri hukum milih aja suka polisih muleska,0
753,rt sebastianreno revoriezza jokowi,1
754,erickthohir jokowi rick you ceo korporasi seblm masuk politik you tau persis tumbuh ekonom,0
755,yaniarsim jokowi dasar binatang lo,0
756,jokowi,1
757,mpokhanum piyopikavet jokowi yg jual anak jokowi ,0
758,presiden jokowi serah bansos pacu tumbuh ekonomi jaga daya beli masyarakat,2
759,erickthohir jokowi mohon ijin bantu usaha disni pinjol,2
760,rt ngopduls respek layak eks presiden inter mil erick thohir sosok menteri bumn ri and,2
761,jokowi tani pa jokowi harga pupuk non subsidi mahal pupuk subsidi susah salah tani,0
762,rt yaniarsim love jokowi,2
763,cnnindonesia lahhhh jokowi nik les nopo mboten misale ngapusi hoax proses hukum kala,0
764,era pimpin divhumaspolri ccicpolri parah kerja cc jokowi mohmahfudmd kompolnasri,0
765,jokowi baik baterai lithium nmc lithium lfp iron phosphat murah tidak,2
767,konsolidasi data sdgs th admin enumerator kec juwana kab pati jokowi halimiskandarnu,2
768,erickthohir jokowi twktwktwk ,0
769,vral dululu ya oenegakan hukum tega hukum yg janji perintah era kabinet kerjalihat vi,0
770,menteri syahrulyl terimakasih arah dukung presiden jokowi maju benih padi,2
771,jokowi krn fital pokok,2
772,erickthohir jokowi suka ngelawak nih bang et cocok ganti pandji yg sdh kurang lucu,0
773,rt indonesiaperka yth presiden jokowi tolong pecat menteri culas si zulhas  manfaat jabat melangg,0
774,jokowi gak perubahanjangan pakai,0
775,gusarifin jokowi eks menteri sby yg pakai jokowi ga yg beres,0
776,rt ibnuathopdp tppi tulungagung selamat raya idhul adha kemendespdtt sdgsdesa desabisa mulaidaridesa tpp,2
777,cnnindonesia klo ga ijin muat gaduh mengatasnamakan agama sih beku ahmadiyah di,0
778,rt imammus tppitulungagung jokowi halimiskandarnu ekoherunat ariasharie fadiqwae rofiqjazuli gumintost aminudinfahrud,2
779,erickthohir jokowi amat cerdas perintah pacu ekonomi,2
780,dhyansabilla dhetamelinda virachma listyosigitp jokowi mohmahfudmd divhumaspolri harytanoe,2
781,tempuh terbang menit presiden jokowi helipad lapang perum sang hyang seri kab,2
782,rt jokowi allow me to extend our deepest condolences on the tragic demise of former pm abe shinzo of japan we will always remember his,2
783,jokowi indonesia kaya bantu uud presiden jujur cerdas aman,2
784,rt budikrisdian kick off gera nasional bangga buat indonesia malu utara tppitulungagung tppjawatimur jokowi halimiskandarnu,2
785,jokowi assalamualaikum ahmad alim tuban,1
786,erickthohir jokowi inget,1
787,kasus janggal jokowi sdh perintah kapolri listyosigitp tuk mmbuka terang krn,0
788,simbokesarah jokowi adike yo kriminal pageblug keluarga bek,0
789,dana desa tahan pangan capai triliun jokowi gas pol maju desa,2
790,simbokesarah jokowi ngapunten profsoale tipikal masyarakat sak nik nek mboten mersani bukti susah percoyo,0
791,mahasiswigenz jokowi orang ga kerja jadi menteri mbelgedes benz,0
792,ferdinandhutah uu ciptaker gugat mk kabul jd jokowi cuman citra,0
793,pakguruhonorer jokowi cangkul aja impor,0
794,presiden jokowi respons awak media kait ganti wakil ketua komisi berantas korupsi kpk ,2
795,eddikusmana jokowi ibukota pindah krn beban pulau jawa overload program kb perlu,2
796,rt mpokhanum piyopikavet dok kerja menang anak jokowi gimana sih mana coba letak salah,0
797,akartiasa ekojhones jokowi perekonomianri kemenkeuri kemenbumn pertamina erickthohir basukibtp,1
798,erickthohir jokowi lg ujicoba kartu ya moga cepat bagi rakyat,2
799,semutkecil kemenkesri jokowi mohmahfudmd kemenkeu fpksdprri fraksipkb fraksigerindra fpddpr,1
800,erickthohir jokowi gin simpul,1
801,simbokesarah jokowi partaipan malu,0
802,rt dhetamelinda kapolri listyosigitp yg kagumisaking kagum bsk kalo sya anak nama sigit tangkap ,0
803,harga cabai bawang pantau jokowi gas pol tahan pangan,2
804,olshop genbewise erickthohir jokowi udahtinggal ambil sepeda nya,1
805,gusarifin somacemeng jokowi masuk angin,0
806,rt moeldokonews warga masyarakat pw gmnu dki doa moeldoko maju capres drmoeldoko jokowi kspgoid setkabgoid radarbanjarm,2
807,rt moeldokonews moeldoko center serah bantu sapi kurban santun anak yatim kspgoid drmoeldoko sindonews jokowi nasdem ba,2
808,rt moeldokonews kurban tum moeldoko center pw gmnu dki adakan kurban serta santun yatim piatu moeldoko moeldokocenter drmoe,2
809,rt dennisauya presiden jokowi menteri bumn erickthohir ikut shalat idul adha hijriah masjid istiqlal jakarta maka,2
810,erickthohir jokowi bantu pasarini perintah pacu tumbuh ekonomiyaelah maksa banget,2
811,yth presiden jokowi tolong pecat menteri culas si zulhas  manfaat jabat mela,0
812,anggaodel jokowi hm emang guna,0
813,rt regdenef tolak gugat lawan politik jokowi pt spt yg prof yusrilihzamhd ramlirizal je,2
814,menkominfo platejohnny bangun infrastruktur digital rakyat it,2
815,simplemanthe ardytpm detalewar alisyarief jokowi aniesbaswedan lu aja geng lu kejang cepirit padah,0
816,cabut izin laboratorium lapor new all record jokowi lawan pandemi,2
817,erickthohir jokowi ekonomi warga rw dampak bantu warga pacu perek,0
818,erickthohir jokowi tuuu nama nyawerr,1
819,ifozndomboz jokowi wkwkwk,0
820,odhe jokowi kspgoid jewer aja pakde gak malu,0
821,piyopikavet dok kerja menang anak jokowi gimana sih mana coba letak salah,0
822,politikus busuk koruptor jokowi turun tengah jalan,0
823,jokowi batalin pakai hyundai utk serta gindonesia ganti pakai mobil santiyong,0
824,blookier jokowi pilih biar bayar,0
825,terimakasih jokowi,2
826,rt rfauzy bintang jokowi serta kroni nya proses pasca lengser surat tanah palsu nya rekam jejak bu,2
827,rt cakx presiden jokowi tekan jajar fokus jenis pangan beras presiden dor,2
828,rt cakx tinjau bbpadi presiden jokowi gudang plasma nutfah simpan koleksi ,2
829,erickthohir jokowi minim jabat kong mlarat dinegri yg pintar cerdas utk jeniuspejabat ,0
830,drsito jokowi,1
831,masuk sekolah swasta skrng bayar bantu dana utk siswa yg mampu,2
832,menkominfo platejohnny bangun infrastruktur digital rakyat it,2
833,manowaroffice jokowi tai,1
834,tpplamongan tppjawatimur semangat awal proses susun rkpdesa juli sd agustus,2
835,erickthohir jokowi bangke,0
836,rawa jokowi zulhastambeng,1
837,aryaasya ajahsanusi alisyarief jokowi aniesbaswedan emang nya kampanye jikiwi ahik gak politisisi agimi,0
838,onyikz fredmansel iqbaal detikcom jokowi jamin klo,2
839,rt theowl presiden serah bansos tinjau balai teliti tanam padi subang presiden jokowi tolak kab,2
840,yudiset jokowi kayake barang tsb harga,1
841,revoriezza jokowi,1
842,ntkeanekus rajajuliantoni jokowi jadi mah sdh,0
843,gusarifin jokowi tri dagang hrsnya emaklbh update hargalbh peka klo sembako kpkri,2
844,rt theowl terang foto tempuh terbang menit presiden jokowi helipad lapang perum sang hyang ,2
845,dana desa tangan pmk tppitulungagung jokowi halimiskandarnu ekoherunat ariasharie,2
846,jokowi bpk presiden yg trhormat tolong tani sawit yg lgi tepuruk dgn hrga yg sesusai,0
847,jokowi putin kirim salam pake rudal,0
848,rt abugibran selamat raya idul adha mohon maaf lahir batin jokowi prabowo aniesbaswedan sa,2
849,erickthohir jokowi wkwkek tugas presiden gw gak turun langsung bantu dek thohir itu,0
850,erickthohir jokowi maaf tumbuh ekonomi indonesia begini harga pangan,0
851,jayusman erickthohir jokowi gada yg percaya ya,0
852,veelaarhie listyosigitp jokowi mohmahfudmd divhumaspolri tidur,0
853,drpriono jokowi budigsadikin sales vaccin,0
854,kangdede jokowi divhumaspolri tolong badan polisi kondisi sehay taku,0
855,menteri pilih jokowi njijiki bgt klo nggak copot sih yg nggak nyopot yg,0
856,marquez jokowi ganti tri tani,0
857,heryidris divhumaspolri ccicpolri perintah evaluasi kerja aparat hukum diam me,2
858,rt parwatyrizky menteri bumn erickthohir presiden jokowi laksana shalat idul adha hijriah masjid istiqlal jakarta,2
859,jokowi ulur tangan biar anggap bantu,2
860,erickthohir jokowi pacu ekonomi rakyat,0
861,emtd yusufdumdum jokowi gak hebat klo hebat lengend bnget nyet liput special tahun ,0
862,yaniarsim jokowi un have us will get back little more research for you and the girls un info to sa,2
863,arisprayogo jokowi niku saget pecat nopo tuntut penyalahgunaan kekuwasaan ngoten nggih mas aris utawi ,0
864,jokowi percaya,1
865,rt theowl presiden jokowi serah bansos pacu tumbuh ekonomi jaga daya beli masyarakat presiden joko widodo awal,2
866,odhe jokowi kspgoid udah diblacklist tau kasih amanah kerja bener cari kuasa keluarga,0
867,klo rr pintar gw pke yg simpel ajaklo skrg jadi kek srilangka ya enggakrn tib hutang terusd,0
868,erickthohir jokowi bantu doi pulang diambilin wkwkwkkwkwkkk,0
869,genbewise erickthohir jokowi si erick dengar,1
870,erickthohir jokowi tipu bajing sial,0
871,rt gratisterbaik drpriono jokowi budigsadikin makan tuh booster ,0
872,erickthohir jokowi bilang aja citra kek ginirakyat receh itu gelintir uang rakyat,0
873,erickthohir jokowi mas klw mnurut bahasa sunda mah ngolo ,2
874,presiden jokowi tegur zulhas fokus kerjaklo ngeyel reshuffle aja,2
875,onyikz ipinzant fredmansel iqbaal detikcom jokowi emang indonesia nenek moyang loekok ngusir orang,0
876,dewiunik cakhariy jokowi zulhasan lunyu thok,1
877,rt theowl ganti wakil ketua kpk presiden proses presiden jokowi respons awak media kait pengg,2
878,kim jokowi yo ndak tau ,0
879,wib presiden jokowi iriana pasar petisah langsung sambut hangat para,2
880,metrotv jokowi gitu donk bosen kunjung tebar baliho caloncalon mantap jokowi,2
881,indram erickthohir jokowi ya bang,2
882,koharrasmadi jokowi goreng netijen mas kohar zh ora sadar kena jebak betmen jokowi tantang kuw,2
883,suasana pasar petisah pagi kamis juli ramai presiden joko widodo iriana,2
884,erickthohir jokowi yg reply nya bales erickthohir,1
885,jokowi beras khusus orkaiya,1
886,unyilkucing fredmansel iqbaal detikcom jokowi nyawa bungulknpa harga bbm banding ameri,0
887,beri vaksinasi gratis karyawan pt pelni bentuk peduli dr perintah presiden,2
888,jokowi bukti pimpin yg amanahbeliau langsung bibit tahan jaga,2
889,veelaarhie ccicpolri bobbyandhika jokowi listyosigitp divhumaspolri gak harap kapolri pol,0
890,polisi tembak polisi tarik ikut tv wawancara irjen feedy sambo ist,2
891,rt obaykusut  rakyat indonesia cerdas isi kepala perintah kemenbumn jokowi dprri ditjenpk,0
892,donasi utk gugat proses vaksin yg perintah jokowi pdiperjuangan transfer via bank,0
893,ku ngetag ya akun tutup orangorang dalam kena karma gituh jokowi tolong,0
894,hyangwisnu kemkominfo platejohnny jokowi menteri anggar kurang kemkominfo denga,2
895,genbewise erickthohir jokowi yg citra tuju baik,0
896,goalid jokowi tolllong paaaak,2
897,pakguruhonorer jokowi lupa suruh baca,0
898,jumiantork aprilialin zulhasan jokowi orang yg gak amanah minggu probation mana sih langsung pecat,0
899,erickthohir jokowi tugas nya kelas presiden lingkung rt kah,0
900,fredmansel iqbaal detikcom jokowi kalo negara ya gpp suruh pindah,0
901,jokowi julbayur tri dagang iya,1
902,yudhilaksana erickthohir jokowi yg ga hbis pikir,0
903,penjagajokowi jokowi presiden indonesia prestasi aku dunia,2
904,jokowi catat demokrasi tv one dapat nyata pa ramli rizal alami,2
905,kangerryudha drsito jokowi piye komenin krn kapasitas jabat aneh lu,0
906,jokowi assalamualaikum presiden mbok sukan kerja orang proyek yg borong tenaga sudah,1
907,jumiantork dimaselagie zulhasan jokowi zulhasan gk becus ganti jokowi kerja koq promosi anak,0
908,dimaselagie maya jokowi kalok lihat rekam jejak lamazulkifli hasan emang jelek tpi be,2
909,erickthohir jokowi hadeuhhhhhilmu ekonominye cetek,1
910,ajudan leceh istri jenderal binatang peliharaanya ajudan harus,0
911,olshop erickthohir jokowi hahhaha iya bang,1
912,moga terang benderang publik masyarakat yg ter,2
913,erickthohir jokowi duhmosok ngene seh,0
914,iqbaal detikcom jokowi baca berita yg lengkap gak bego malaysia tahan harga bbm terseb,2
915,jokowi pro ekonomi rakyat gejolak global beriimplikasi sektor rumah jokowi,2
916,genbewise erickthohir jokowi owh bantu pacu tumbuh ekonomi kabar beliau ,1
917,panca klo smua orang jokowi belanja investasi indo bangkrut bayang,0
918,genbewise erickthohir jokowi salah pasar dgn roda putar uang nya triliun tanah abang aja kalah udah,0
919,oshiiiiiinnn erickthohir jokowi hhhahaa saumur gen kakara kamar milu nyoblos presiden ehh hasiln,0
920,pbpgriofficial ekaharijanto kemdikbudri darmaningtyas iwanpranoto jokowi mohon maaf bpkibuk tolong ada,1
921,china bangun dgn printing money dasar project jokowi bangun dasar utang dim,0
922,jokowi lanjutin impor cuk ,2
923,pointbroo jokowi malu in,0
924,bumiputrankri arunariftan allforo antaz cnnindonesia mahdlarmy jokowi dennysiregar sadark,0
925,ridlwandjogja kumpar luhutbinsarfans karniilyas kspgoid jokowi pakjk rosiannahi ridwankamil,1
926,jokowi gas pol perata bangun indonesia resmi provinsi jokowi,2
927,erickthohir jokowi rakyat daaah muak dgn yg sprti akan rakyat haaadeee,0
928,tan jokowi syahrulyl kemensetnegri kspgoid mana vub nya min,1
929,rt hyangwisnu dorong potensi pasar kominfoagi cetak kembang gim lokal kemkominfo ,2
930,hyangwisnu kemkominfo platejohnny jokowi main gim indonesia habis mayoritas main ponsel ,2
931,hyangwisnu kemkominfo platejohnny jokowi startup sesi coaching tambah temu rutin set,2
932,kangerryudha umyka drsito jokowi so iye luh anjing,0
933,rt ekaharijanto ppdb zonasi kemdikbudri pbpgriofficial darmaningtyas iwanpranoto cc jokowi,2
934,rt keisauus cair blt dana desa desa purwoasri wringinpitu tppjawatimur tppbanyuwangi jokowi halimiskandarnu kemendespdtt ,2
935,rt hendrahanifah democrazymedia partai yg beli ya coba tolong pa jokowi,1
936,sandperantau erickthohir jokowi golput jalan ninjaku ,1
937,hai bagi wisata aplikasi desa wisata nusantara jokowi halimiskandarnu taufikmadjid,2
938,rinichan jokowi jozzzzzzz,2
939,rt kitanks menteri fokus menteri dagang ya urus tugas kema,2
940,jokowi gas pol diplomasi internasional negara dimunta atas ketimoangan investasi hijau jokowi,2
941,polri ungkap benar jahat bohong tutup jahat benar li,2
942,jokowi tani sawit biar derita jatuh miskin tingkat ,0
943,yaniarsim jokowi yuuu ah priode,2
944,erickthohir jokowi bantu rakyat periode,0
945,erickthohir jokowi aqua,1
946,androidak rakyat indonesia penjara jokowi jokowi,0
947,gratisterbaik byblackangel jokowi up,1
948,jokowi president jokowi suka baca buku,2
949,antros elutong jokowi anggap rakyat mah cemen gak berani sana,0
950,antonnbnj benzohar mskaban jokowi mrk emg boneka nya bro,0
951,rt rismawidiono gubernur jawa ganjarpranowo suara perintah presiden jokowi kait guna masker ruan,2
952,kemkominfo bukti mampu bidang digital tutup judi online edar marak indonesia,2
953,rt sirajapadoha presiden jokowi air kunci tahan pangan mandiri pangan daulat pangan kita,2
954,ronaldlampard indonesia kereeen trims jokowi,2
955,ekaharijanto kemdikbudri darmaningtyas iwanpranoto jokowi catat adu kait pp,2
956,sirsazly amer jokowi dgn panggil rubah,2
957,sirulhaq jokowi air ngumpul irigasi yg blm,1
958,oshiiiiiinnn erickthohir jokowi njeplak erik model ky gin nyapres ambyarrr mak,0
959,rinjanijb mybagaspati jokowi ya kayak amat bola orang yg banyak omong gak kerja,0
960,jokowi faktor picu naik harga bbm indonesia,2
961,kicaupenajam jokowi nurunkan ga bray karna impor rusia subsidi sih,1
962,jokowi harga bbm non subsidi juli,2
963,uyaboira duh jokowi sampeyan udah ngga beban milih menteri model susah kah pa,0
964,jokowi gak min bilang gak citra harga butuh pokok listrik bbm murah jang,0
965,rajajuliantoni jokowi ss wa group pemberitahuan proses mohon bantu amp bimbing jik,1
966,rt raymondharve blunder lagiii lu jokowi,0
967,sandperantau erickthohir jokowi mknya kecuali juta jiwa bagi,0
968,democrazymedia jokowi srilangka adl warning kalo rakyat dah gerak habis kkn raja rela,0
969,jokowi kampung kurang pupuk,0
970,netral,1
971,jumiantork zulhasan jokowi tri utk resin nambah,0
972,netral,1
973,erickthohir jokowi lapang kerja banyak,2
974,jokowi manfaat waduk bukti ribu dpn kelak pemimpinmaka jgn pelit rancang,2
975,antonnbnj benzohar mskaban jokowi pura musuh dlm tpi sasar lanjut yg lbh,2
976,kusumajati getpamungkas fredmansel iqbaal detikcom jokowi kadrun otak nya dikit jarang mikir sukan,0
977,rt jokowiisdeath brutal brutal brutal bijak perintah tindas rakyat yg partai cilik podo,0
978,rt hakunamatata maladipa untung si zulhasan marah jokowi marah bintang film hollywood aja bi,0
979,negara alami sulit pangan energi ekonomi akibat pandemi perang ukraina syukur kendali situasi sulit,2
980,utk yg ikut kisruh pariwisata flores inti perintah presiden jokowi kuasa kpd usaha utk bisnis sarana jasa wisata dlm tn komodo tarif masuk naik jd jt kola pt flobamor,2
981,momen harga yg lupa kali sempat jumpa,2
982,subsidi bbm rp triliun negara kuat sangga subsidi alhamdulillah kuat tahan patut syukur bersamasama,2
983,tangkap bandar judi online jokowi divhumaspolri listyosigitp,2
984,pasang kenal hormat negara dunia pa jokowi iriana,2
985,indonesia bawah pimpin presiden jokowi emang keren jokowi,2
986,lagu indonesia raya nyanyi dlm bhs jepang indonesia heroik kunjung jokowi jepang opo sampeyan ora bangga luar,2
987,presiden jokowi iriana seoul,1
988,generasi kreatif indonesia lg semangat maju kancah internasional jegal menkominfo jokowi,2
989,presiden jokowi hadir acara zikir doa bangsa indonesia merdeka yg gelar halaman istana merdeka laksana acara tanda rangkai giat ingat hut ri jokowi,2
990,cemen ah jokowi,0
991,wogh sih kena jokowi panjang jabat periode turun adil,2
992,sekretariat presiden ajak lapis masyarakat ikut upacara ingat detikdetik proklamasi upacara turun bendera sang merah putih agustus jokowi,2
993,jokowi teguh diri apa resiko beliau hitung matang tangan jokowi citacita uud pasal wujud nyata sungguh jokowi anugerah bangsa indonesia,2
994,proyek perintah jokowi yg potensi proyek mega mangkrak yg jika bayar mahal rakyat kereta cepat jakarta bandung food estate ikn,2
995,presiden jokowi temu chairman hyundai motor group kabarkabinet,1
996,patuh bijak kominfo alibaba cloud daftar pse kami patuh ikut atur regulator lokal pse kominfo langsung bisnis alibaba leon chen kemkominfo platejohnny jokowi,2
997,presiden jokowi sambut artis kpop indonesia dita karang kunjung seoul korea selatan,2
998,dengar saran coba audit harga ekonomi bbm yg sodor pertamina perintah deh temu audit jokowi turun beban subsidi naik harga bbm,2
999,bandara udara budiarto politeknik terbang indonesia curug tangerang siap kembang giat logistik pelihara pesawatsehingga buka lapang kerja taruna ppi masyarakat jokowi gaspol infrastruktur,2
1000,acara zikir doa bangsa indonesia merdeka malam jokowi mari doa zikir mohon allah swt negara limpah pangan energi kurang,2
1001,hebat orang pilih jokowi lulus usu magister ilmu komunikasi tpi nyuruh usaha yg ga da hubung daftar pse tingkat maju teknologi bisnis indonesia yaelah ngapian mikirin bisnis indo,2
1002,kunjung hormat presiden jokowi iriana terima kaisar jepang naruhito permaisuri masako istana kaisar jepang,2
1003,upaya indonesia evakuasi aman wni wni sekap kamboja selamat jokowi gaspol diplomasi internasional,2
1004,tindak perintah presiden jokowi cegah ulang banjir bandang parigi moutong sulawesi menteri pupr tangan teknis hulu hilir sigapmembangunnegeri,2
1005,manfaat teknologi heran rrt antisipasi krisis pangan siap media tanam pilih bibit semai tanam awat lahan cegah hama panen manfaat teknologi jokowi budimandjatmiko kemenperinri,2
